{
    "alt_axis": [
        200,
        500,
        800,
        1100,
        1400,
        1700,
        2000,
        2300,
        2600,
        2900,
        3200,
        3500,
        3800,
        4100,
        4400,
        4700
    ],
    "alpha_stdalt": 0.95,
    "years": [
        2010,
        2011,
        2012,
        2013,
        2014,
        2015,
        2016,
        2017,
        2018
    ],
    "months": [
        3
    ],
    "days": [
        1,
        2,
        3,
        4,
        5,
        6,
        7,
        8,
        9,
        10,
        11,
        12,
        13,
        14,
        15,
        16,
        17,
        18,
        19,
        20,
        21,
        22,
        23,
        24,
        25,
        26,
        27,
        28,
        29,
        30,
        31
    ],
    "hours": [
        0,
        1,
        2,
        3,
        4,
        5,
        6,
        7,
        8,
        9,
        10,
        11,
        12,
        13,
        14,
        15,
        16,
        17,
        18,
        19,
        20,
        21,
        22,
        23
    ],
    "location": "Hachijo_Jima",
    "mu4": [
        [
            -2.544502427291026,
            1.570137234884675,
            2.7023222015517447,
            0.4641292952438777
        ],
        [
            -0.28908243842377845,
            0.4963770061431505,
            4.917048364414729,
            -0.4872796904739186
        ],
        [
            -0.008838540724989078,
            0.7049341940532492,
            5.622567711842346,
            -0.14508416849033617
        ],
        [
            0.45729090695508756,
            0.7022840677714661,
            6.677233668560278,
            0.07951596198052656
        ],
        [
            1.010714592095709,
            0.5161700947741762,
            8.020051449185978,
            0.19014857932296206
        ],
        [
            1.170804815830202,
            0.2307678435027312,
            9.447324315641989,
            0.19576439773130386
        ],
        [
            1.3402004131978282,
            0.1939713688346539,
            11.122498063546667,
            0.336314064865033
        ],
        [
            1.31976195386335,
            0.284388621809126,
            12.726531106809114,
            0.4943594596597931
        ],
        [
            1.258781503748538,
            0.4644265237128049,
            14.295119486935253,
            0.7514198589318524
        ],
        [
            1.012222218841907,
            0.6244561178462962,
            15.679261074167037,
            0.9884946338179762
        ],
        [
            0.731549578489456,
            0.8723225651786473,
            16.941850230978453,
            1.2409186988323915
        ],
        [
            0.46161148487109277,
            0.9136114148044396,
            18.15037786020322,
            1.3371668194721025
        ],
        [
            0.34313802657560816,
            0.7322441248986205,
            19.510370124750875,
            1.2107588005802012
        ],
        [
            0.3097968035289457,
            0.2685911352069896,
            20.961666373087567,
            0.8003273859852184
        ],
        [
            0.31588140631158257,
            0.002764003073093631,
            22.575742512582472,
            0.6386183059020826
        ],
        [
            0.397517940322351,
            -0.023892184525877772,
            24.297166131591958,
            0.7189403096443299
        ]
    ],
    "sigma4": [
        [
            [
                51.47758403986054,
                8.970483625952653,
                12.139021496017834,
                4.217518839758675
            ],
            [
                8.970483625952653,
                67.5041188877636,
                15.303934481784585,
                18.75550664025542
            ],
            [
                12.139021496017834,
                15.303934481784585,
                22.290177111384033,
                10.59919351301074
            ],
            [
                4.217518839758675,
                18.75550664025542,
                10.59919351301074,
                19.491981581131004
            ]
        ],
        [
            [
                95.4295283445074,
                17.838120619554985,
                53.67424582330686,
                5.069053707221525
            ],
            [
                17.838120619554985,
                108.81327779734367,
                29.004175192658483,
                55.88228659299245
            ],
            [
                53.67424582330686,
                29.004175192658483,
                71.43917844739042,
                19.085703274756487
            ],
            [
                5.069053707221525,
                55.88228659299245,
                19.085703274756487,
                57.1355674094769
            ]
        ],
        [
            [
                101.30982954228749,
                15.127562904441183,
                56.77825531607307,
                -0.244710377290572
            ],
            [
                15.127562904441183,
                109.44117227365811,
                25.767796496203218,
                56.45947487410525
            ],
            [
                56.77825531607307,
                25.767796496203218,
                74.6758041386369,
                14.757041289363341
            ],
            [
                -0.244710377290572,
                56.45947487410525,
                14.757041289363341,
                57.92901555531547
            ]
        ],
        [
            [
                97.4234883412425,
                10.74152374686697,
                52.984018656981576,
                -5.433624309436994
            ],
            [
                10.74152374686697,
                100.93062591259802,
                20.81372592909507,
                51.892670302361445
            ],
            [
                52.984018656981576,
                20.81372592909507,
                69.61129170461297,
                9.910402215489077
            ],
            [
                -5.433624309436994,
                51.892670302361445,
                9.910402215489077,
                53.49034220232724
            ]
        ],
        [
            [
                92.60088087607473,
                6.322676096755024,
                49.797663890438045,
                -8.503896045051961
            ],
            [
                6.322676096755024,
                90.88205685680367,
                15.783817010093047,
                46.36763695681
            ],
            [
                49.797663890438045,
                15.783817010093047,
                64.80558113589395,
                6.783186641338551
            ],
            [
                -8.503896045051961,
                46.36763695681,
                6.783186641338551,
                47.90245134075392
            ]
        ],
        [
            [
                90.10423015223755,
                5.946210681580087,
                50.660683460563185,
                -7.651993751989669
            ],
            [
                5.946210681580087,
                82.3983369805928,
                13.807830830009763,
                42.3122299143389
            ],
            [
                50.660683460563185,
                13.807830830009763,
                64.92766191852283,
                6.863197099365686
            ],
            [
                -7.651993751989669,
                42.3122299143389,
                6.863197099365686,
                43.2869813005603
            ]
        ],
        [
            [
                91.09162504534287,
                8.45459529012659,
                53.43710112731062,
                -5.293729185894574
            ],
            [
                8.45459529012659,
